<?xml version="1.0" encoding="UTF-8"?>
<evidence xmlns="http://nuix.com/fbi/evidence">
  <name>James Derrick Jr</name>
  <timezone>America/Los_Angeles</timezone>
  <charset>UTF-8</charset>
  <description />
  <data-roots>
    <data-root>
      <file location="C:\@NUIX\Natives\EnronPSTs\James Derrick Jr.pst" />
    </data-root>
  </data-roots>
  <initialCustodian>
    <name>James Derrick Jr</name>
    <description />
  </initialCustodian>
  <custodianSetByRepository>false</custodianSetByRepository>
  <custodianLevel>0</custodianLevel>
</evidence>

